,andres,franco,juan
andres,1.0,0.09254498714652956,0.05939226519337017
franco,0.09254498714652956,1.0,0.06188925081433225
juan,0.05939226519337017,0.06188925081433225,1.0
